<?xml version="1.0" encoding="UTF-8"?>
<project-private xmlns="http://www.netbeans.org/ns/project-private/1">
    <editor-bookmarks xmlns="http://www.netbeans.org/ns/editor-bookmarks/2" lastBookmarkId="0"/>
    <open-files xmlns="http://www.netbeans.org/ns/projectui-open-files/2">
        <group>
            <file>file:/C:/Users/cicer/Documents/NetBeansProjects/huffJava/src/huffjava/HuffmanCode.java</file>
            <file>file:/C:/Users/cicer/Documents/NetBeansProjects/huffJava/src/huffjava/HuffJava.java</file>
            <file>file:/C:/Users/cicer/Documents/NetBeansProjects/huffJava/src/huffjava/Node.java</file>
            <file>file:/C:/Users/cicer/Documents/NetBeansProjects/huffJava/src/huffjava/QuickSort.java</file>
        </group>
    </open-files>
</project-private>
